захватывающий,5
ура,5
выдающийся,5
превосходный,5
восторг,5
удивительно,4
удивительный,4
блестящая,4
экстатический,4
эйфории,4
буйный,4
сказочная,4
фантастическим,4
чудо,4
радость,4
восторженный,4
радуйся,4
радовались,4
радуется,4
rofl,4
roflcopter,4
roflmao,4
rotfl,4
rotflmfao,4
rotflol,4
потрясающий,4
триумф,4
триумфальное,4
победа,4
победитель,4
победе,4
победы,4
замечательным,4
полюбоваться,3
восхищение,3
восхищается,3
прелестный,3
обожают,3
обожаемого,3
обожает,3
любовь,3
ласковый,3
развлечься,3
смешно,3
развлечения,3
поражать,3
поражен,3
поразительно,3
поражает,3
смелый,3
награда,3
награжден,3
награды,3
блаженным,3
красота,3
красивая,3
дорого,3
рад,3
радуя,3
наслаждение,3
посвященных,3
приподнятом,3
восхищать,3
энтузиазм,3
эйфория,3
совершенство,3
возбуждают,3
возбужденный,3
вентилятор,3
очаровывать,3
очарованный,3
очаровывает,3
увлекательный,3
ftw,3
галантный,3
галантно,3
храбрость,3
гениальным,3
гламурный,3
радостный,3
хороший,3
доброта,3
добрый,3
великий,3
благодарный,3
большой,3
величайший,3
ха-ха,3
хахаха,3
hahahah,3
счастье,3
счастливый,3
сердечные,3
героической,3
humerous,3
впечатление,3
впечатляет,3
впечатляющие,3
вдохновляющим,3
радостным,3
радостно,3
ликующие,3
престижность,3
lawl,3
lol,3
привлекательный,3
любил,3
красотки,3
прекрасный,3
лояльных,3
верность,3
удача,3
чудесный,3
чудес,3
медаль,3
веселый,3
веселье,3
веселым,3
mirthfully,3
зловещий,3
рай,3
идеальное,3
отлично,3
приятных,3
удовольствие,3
популярная,3
хвала,3
похвалил,3
похвалы,3
хвалить,3
процветающей,3
rightdirection,3
строгий,3
строго,3
совок,3
сексуальная,3
успокаивают,3
успокоил,3
успокаивающих,3
блеск,3
блестками,3
сверкающий,3
великолепный,3
успешный,3
супер,3
яркий,3
бдительность,3
провидец,3
жизнеспособность,3
живой,3
богатство,3
winwin,3
выиграли,3
ву,3
woohoo,3
поклоняться,3
вкусное,3
способностей,2
способность,2
освобождают,2
освобождаются,2
освобождает,2
освобождающий,2
выполнить,2
опытным,2
выполняет,2
оправдать,2
оправдал,2
оправдан,2
оправдания,2
преимущество,2
преимуществами,2
приключение,2
приключения,2
авантюрный,2
жадно,2
приятный,2
амбициозные,2
ценить,2
оценили,2
оценивает,2
оценивая,2
признательность,2
утверждение,2
утвержденный,2
активы,2
привлечение,2
притяжение,2
достопримечательности,2
энергичный,2
поддержка,2
сделка,2
выгода,2
выгоды,2
выгоду,2
лучше,2
благослови,2
благословляет,2
смело,2
храбрый,2
оживленная,2
плавучие,2
спокойный,2
успокаивается,2
забота,2
внимательно,2
заботится,2
шанс,2
шансы,2
настроение,2
приветствовали,2
аплодисменты,2
лелеять,2
заветное,2
греет,2
шикарного,2
уточняет,2
ясность,2
чистый,2
чище,2
умный,2
комфорт,2
удобный,2
утешительные,2
воздать,2
оценил,2
обязательство,2
сострадательный,2
компетентный,2
конкурентные,2
всеобъемлющий,2
примирить,2
мириться,2
примиряет,2
согласие,2
consolable,2
праздничный,2
мужество,2
мужественный,2
вежливый,2
вежливость,2
уют,2
творческая,2
милая,2
сорвиголова,2
бесстрашный,2
дорогая,2
защитник,2
защитники,2
желательно,2
желанный,2
желающие,2
определить,2
стремится,2
серьезный,2
легкость,2
эффективный,2
эффективно,2
элегантная,2
элегантно,2
чуткие,2
заколдованных,2
поощряют,2
рекомендуется,2
поощрение,2
поощряет,2
одобрить,2
одобрено,2
одобрение,2
одобряет,2
нравится,2
уважаемый,2
этический,2
раздраженный,2
эксклюзивные,2
реабилитировать,2
реабилитировали,2
реабилитирует,2
невиновности,2
справедливой,2
польза,2
выступает,2
любимая,2
избранном,2
избранные,2
горячий,2
пылкий,2
прекрасно,2
флагманские,2
внимание,2
свобода,2
дружественный,2
резвая,2
славного,2
слава,2
привет,2
рост,2
га,2
град,2
выносливые,2
выносливый,2
честь,2
заслуженный,2
надежда,2
надеюсь,2
надеется,2
надеясь,2
объятие,2
объятия,2
юмор,2
юмористическое,2
юмора,2
бессмертные,2
значение,2
важно,2
непреодолимое,2
безответственным,2
бойкий,2
шутливое,2
шутка,2
шутки,2
справедливость,2
восхищены,2
ратифицирована,2
обнадеживает,2
погашены,2
расслабленный,2
полагаться,2
облегчение,2
освобождение,2
наслаждается,2
замечательный,2
спасательные,2
спас,2
спасает,2
решительный,2
решения,2
решил,2
решает,2
ответственный,2
отзывчивым,2
почитаемые,2
возрождение,2
оживает,2
вознагражден,2
полезный,2
богатый,2
надежный,2
романтика,2
удовлетворен,2
сохранить,2
безопасный,2
обеспеченный,2
обеспечивает,2
искренние,2
искренне,2
искренность,2
ловкий,2
плащ,2
гладкий,2
умнее,2
умных,2
улыбка,2
улыбнулась,2
улыбки,2
улыбается,2
твердый,2
солидарность,2
сложный,2
бодрый,2
стабильные,2
выносливость,2
стойкий,2
стимулирование,2
толстый,2
сила,2
укрепление,2
укрепить,2
укрепляет,2
сильный,2
сильнейший,2
учтивый,2
успех,2
терпимым,2
верхний,2
вершины,2
сокровище,2
сокровища,2
истинный,2
доверенных,2
беспристрастный,2
непревзойденный,2
молодой,2
поглощается,1
принимать,1
принятый,1
принятие,1
принимает,1
достижимыми,1
активный,1
адекватный,1
продвинутый,1
согласен,1
договорились,1
соглашение,1
живым,1
позволять,1
ожидание,1
привлекать,1
привлекает,1
власть,1
ценные,1
спиной,1
импульс,1
ясно,1
очищает,1
комедия,1
совершать,1
совершает,1
совершенных,1
совершение,1
убедить,1
убежден,1
убеждает,1
прохладно,1
любопытный,1
решающим,1
желание,1
алмаз,1
мечта,1
мечты,1
легкий,1
обнять,1
участие,1
занимается,1
поглощены,1
обеспечить,1
обеспечение,1
предприимчивый,1
право,1
расширить,1
расширяется,1
разведка,1
исследования,1
расширяет,1
вера,1
чувство,1
соответствовать,1
фитнес,1
простить,1
прощайте,1
свободный,1
свежий,1
бог,1
благодать,1
грант,1
предоставляется,1
предоставление,1
гранты,1
приветствую,1
драгоценность,1
присоединится,1
острый,1
смех,1
смеялся,1
смеется,1
начало,1
легальным,1
юридически,1
мягкие,1
беззаботный,1
материя,1
вопросы,1
медитативный,1
мотивировать,1
мотивация,1
естественным,1
пожалуйста,1
подготовлены,1
довольно,1
обещание,1
обещал,1
обещает,1
содействовать,1
способствовал,1
способствует,1
содействие,1
перспектива,1
перспективы,1
защита,1
защищает,1
достигать,1
достиг,1
достигает,1
достижения,1
успокоить,1
успокоила,1
заверяет,1
снять,1
восстановить,1
восстанавливает,1
восстановление,1
безопасное,1
безопасность,1
важных,1
доля,1
общие,1
долей,1
значительный,1
отрезвляющий,1
решение,1
решить,1
искра,1
дух,1
стимулировать,1
стимулировали,1
стимулирует,1
прямой,1
существенным,1
существенно,1
сторонник,1
сторонники,1
доверие,1
единое,1
единый,1
проверить,1
подтверждено,1
проверяет,1
проверка,1
корыстные,1
видения,1
витамин,1
хочу,1
теплый,1
причудливый,1
желающих,1
да,1
ублюдок,-5
сволочь,-5
ублюдки,-5
сволочи,-5
сука,-5
суки,-5
член,-5
членосос,-5
членососы,-5
хуй,-5
хуесосы,-5
пизда,-5
вагина,-5
нигер,-5
шлюха,-5
проститутка,-5
пиздабол,-5
жопа,-4
ебаный,-4
мудак,-4
фигня,-4
катастрофический,-4
проклятие,-4
проклятый,-4
залупа,-4
мошенник,-4
мошенники,-4
мошенничество,-4
обман,-4
наебалово,-4
мошеннический,-4
ебать,-4
ебонат,-4
ебонаты,-4
ебанутый,-4
ад,-4
черт,-4
придурок,-4
придурки,-4
ссать,-4
ссаный,-4
изнасиловать,-4
насильник,-4
отморозок,-4
падонок,-4
дерьмо,-4
сраный,-4
мегера,-4
мучение,-4
измученный,-4
пытки,-4
пытать,-4
мучительно,-3
мучиться,-3
мучительный,-3
мучается,-3
гнев,-3
сердитый,-3
тоска,-3
апатичное,-3
апатия,-3
apeshit,-3
арестованы,-3
убийство,-3
ужасный,-3
плохо,-3
задира,-3
банкрот,-3
bankster,-3
предал,-3
предательство,-3
предали,-3
предает,-3
кровавый,-3
скучно,-3
взятка,-3
катастрофой,-3
заряженный,-3
неприглядный,-3
наказывать,-3
наказанные,-3
наказывает,-3
обманывать,-3
обманутых,-3
читы,-3
сговор,-3
заговор,-3
сокрытие,-3
преступление,-3
уголовное,-3
преступники,-3
кризис,-3
жестокий,-3
жестокость,-3
ущерб,-3
мертвые,-3
лживой,-3
обмануть,-3
обманывают,-3
дефект,-3
дефекты,-3
отчаяние,-3
отчаянный,-3
отчаянная,-3
отчаянно,-3
унылый,-3
разрушить,-3
уничтожить,-3
уничтожение,-3
разрушает,-3
разрушительных,-3
умирать,-3
умер,-3
тяжелые,-3
страшный,-3
катастрофическое,-3
отвращение,-3
отвратительный,-3
недоверие,-3
недоверчивых,-3
безработица,-3
душа,-3
немых,-3
тупица,-3
зло,-3
пидор,-3
педик,-3
хворост,-3
поддельный,-3
подделок,-3
подделка,-3
фальсифицированные,-3
фальсифицировать,-3
погибших,-3
несчастье,-3
fedup,-3
преступления,-3
фиаско,-3
безумие,-3
пугающий,-3
фуд,-3
ярость,-3
ужас,-3
униженных,-3
унижение,-3
истерия,-3
истерический,-3
истерика,-3
идиот,-3
идиотский,-3
незаконный,-3
слабоумный,-3
разгневанный,-3
раздражение,-3
раздраженной,-3
раздражает,-3
рывок,-3
убить,-3
убили,-3
убивает,-3
лжец,-3
лжецы,-3
ненавижу,-3
ненавидел,-3
ненавидит,-3
ненависть,-3
теряет,-3
несчастным,-3
убийственный,-3
противный,-3
nofun,-3
notworking,-3
орехи,-3
неприятный,-3
возмущение,-3
возмущенные,-3
паника,-3
лжесвидетельство,-3
писает,-3
лженаука,-3
расизм,-3
расистские,-3
расистов,-3
декламация,-3
пустослов,-3
крикунов,-3
тирады,-3
смешной,-3
скандал,-3
скандальные,-3
скандалы,-3
screwedup,-3
эгоистичный,-3
эгоизм,-3
дерьмовая,-3
греховный,-3
рабство,-3
спамеров,-3
сосать,-3
отстой,-3
ужасно,-3
страшно,-3
террор,-3
терроризировать,-3
терроризировали,-3
терроризирует,-3
травма,-3
травматический,-3
измена,-3
предательский,-3
уродливые,-3
жертва,-3
ухудшить,-3
ухудшилось,-3
ухудшение,-3
ухудшается,-3
худший,-3
гневных,-3
отказались,-2
отказывается,-2
похищенных,-2
похищение,-2
случайных,-2
случайно,-2
обвинение,-2
обвинения,-2
обвинять,-2
обвиняют,-2
обвиняет,-2
обвиняя,-2
боль,-2
наставлять,-2
увещевали,-2
боюсь,-2
усугубить,-2
усугубляется,-2
усиливает,-2
отчуждение,-2
аллергический,-2
только,-2
враждебность,-2
раздражать,-2
антагонистических,-2
тревога,-2
тревожный,-2
апокалиптические,-2
опасаются,-2
арест,-2
аресты,-2
высокомерный,-2
ashame,-2
стыд,-2
неловко,-2
спасение,-2
надувать,-2
bamboozled,-2
bamboozles,-2
детские,-2
душить,-2
душили,-2
задыхается,-2
удушье,-2
столкновение,-2
невежественный,-2
дерзкий,-2
принуждение,-2
крах,-2
свернутый,-2
разрушается,-2
рушится,-2
столкновений,-2
самодовольным,-2
жаловаться,-2
жаловались,-2
жалуется,-2
осудить,-2
осуждение,-2
осудил,-2
осуждает,-2
конфликт,-2
конфликтный,-2
конфликты,-2
смешивать,-2
путать,-2
запутанной,-2
ограничена,-2
зараза,-2
презрение,-2
презрительный,-2
презрительно,-2
спорными,-2
состязательный,-2
спорно,-2
треугольный,-2
дорогостоящий,-2
трус,-2
трусливые,-2
сумасшедшим,-2
сумасшедшая,-2
сумасшедший,-2
критиков,-2
измельченных,-2
плач,-2
циник,-2
циничным,-2
цинизм,-2
опасность,-2
темный,-2
тупик,-2
смерть,-2
отрицателей,-2
отрицает,-2
отрицать,-2
отрицание,-2
депрессия,-2
угнетающей,-2
сорвать,-2
высмеивают,-2
высмеивает,-2
высмеивать,-2
насмешка,-2
задерживать,-2
задержанный,-2
задержание,-2
сокрушение,-2
опустошил,-2
грязные,-2
грязный,-2
недостаток,-2
обездоленных,-2
разочаровал,-2
разочарован,-2
разочарование,-2
разочарований,-2
разочаровывает,-2
катастрофа,-2
бедствия,-2
верить,-2
безутешный,-2
disconsolation,-2
нечестные,-2
разочарованных,-2
склонен,-2
разрозненных,-2
неприязнь,-2
мрачный,-2
расстройство,-2
дезорганизованы,-2
дезориентирован,-2
унижать,-2
пренебрежительно,-2
унижает,-2
пренебрежительное,-2
недовольных,-2
спор,-2
споры,-2
дисквалифицировали,-2
беспокойство,-2
учитывать,-2
игнорируя,-2
игнорирует,-2
неуважение,-2
разрушение,-2
сбои,-2
разрушительным,-2
искажают,-2
искаженное,-2
искажает,-2
отвлечься,-2
отвлекаться,-2
отвлечение,-2
отвлекает,-2
бедствие,-2
проблемными,-2
расстройства,-2
беспокоить,-2
нарушенных,-2
нарушения,-2
нарушает,-2
сглаживание,-2
уклонение,-2
изворотливым,-2
грустный,-2
dontlike,-2
гибель,-2
обречен,-2
опустив,-2
унывать,-2
слить,-2
страх,-2
боялся,-2
бояться,-2
тоскливый,-2
висящие,-2
утопить,-2
утонул,-2
тонет,-2
пьяный,-2
сомнительные,-2
безнадежный,-2
бросила,-2
боян,-2
обманутый,-2
дисфункция,-2
жуткий,-2
смущать,-2
смущение,-2
смущает,-2
озлобленного,-2
чрезвычайные,-2
врагов,-2
враг,-2
скука,-2
исступление,-2
бесит,-2
порабощение,-2
порабощенных,-2
порабощает,-2
завистливый,-2
ошибочное,-2
ошибка,-2
ошибки,-2
преувеличивать,-2
преувеличенные,-2
преувеличивает,-2
преувеличивают,-2
исключены,-2
исчерпала,-2
изгнать,-2
изгнанный,-2
изгнание,-2
выгоняет,-2
эксплуатировать,-2
эксплуатируемых,-2
эксплуатации,-2
подвигах,-2
причуда,-2
неудача,-2
провал,-2
сбой,-2
неудачи,-2
малодушным,-2
упал,-2
фашист,-2
фашисты,-2
усталость,-2
утомительно,-2
боясь,-2
слабый,-2
беспокойный,-2
огонь,-2
выстрелил,-2
стрельба,-2
флоп,-2
грипп,-2
взволнованный,-2
дурак,-2
хулиганов,-2
безнадежная,-2
безнадежность,-2
враждебные,-2
барыга,-2
голод,-2
больно,-2
несовершенным,-2
импотент,-2
тюрьму,-2
неспособность,-2
бездействие,-2
недостаточный,-2
неспособный,-2
недееспособным,-2
некомпетентность,-2
некомпетентный,-2
невнимательный,-2
неудобство,-2
неудобная,-2
нерешительные,-2
индоктринации,-2
неэффективные,-2
неэффективно,-2
инфицированный,-2
нижний,-2
воспаление,-2
нарушение,-2
бешенство,-2
ранен,-2
несправедливость,-2
инквизиция,-2
безумным,-2
небезопасно,-2
нечувствительным,-2
нечувствительность,-2
незначительная,-2
пресным,-2
оскорбление,-2
оскорбил,-2
оскорбительным,-2
допрос,-2
прерывание,-2
прерванный,-2
прерывания,-2
запугать,-2
пугает,-2
запугивание,-2
нерешительным,-2
зуд,-2
ревнивый,-2
безрадостное,-2
отсутствие,-2
вялый,-2
отстали,-2
отстающих,-2
отстает,-2
хромой,-2
иск,-2
иски,-2
вялой,-2
вялость,-2
клеветническим,-2
солгал,-2
спорный,-2
лобби,-2
лоббирование,-2
одиноко,-2
одинокий,-2
бессмысленно,-2
угроза,-2
страдание,-2
опасение,-2
дезинформация,-2
дезинформировали,-2
неправильно,-2
недостоверной,-2
искажение,-2
мисс,-2
пропустили,-2
ошибаться,-2
ошибиться,-2
недоразумение,-2
недоразумением,-2
стон,-2
стонал,-2
стонать,-2
стонет,-2
макет,-2
издевались,-2
насмешливые,-2
издевается,-2
разжигание,-2
монополизировать,-2
монополизировал,-2
монополизирует,-2
монополизации,-2
скорбим,-2
плакал,-2
печальный,-2
скорбь,-2
скорбит,-2
убийца,-2
убийства,-2
n00b,-2
наивные,-2
па\xc3\xafve,-2
нуждающихся,-2
отрицательные,-2
отрицательность,-2
безнадзорность,-2
забытых,-2
пренебрежение,-2
пренебрегает,-2
нервная,-2
нервно,-2
ерунда,-2
новичок,-2
любопытных,-2
notgood,-2
пресловутый,-2
уничтожен,-2
непристойные,-2
устаревшим,-2
препятствие,-2
препятствия,-2
упрямая,-2
нечетное,-2
обидеть,-2
обиженные,-2
преступник,-2
оскорбляет,-2
угнетенный,-2
репрессивной,-2
optionless,-2
протест,-2
переиграть,-2
чрезмерная,-2
реагирует,-2
перепроданности,-2
oversells,-2
упрощение,-2
упрощенным,-2
упрощает,-2
упрощать,-2
преувеличение,-2
преувеличения,-2
жалкая,-2
казнь,-2
виновные,-2
недоумение,-2
преследовать,-2
преследует,-2
возмущенных,-2
противные,-2
пессимизм,-2
пессимистические,-2
окаменелое,-2
фобические,-2
пике,-2
пробудили,-2
жалкий,-2
жалость,-2
готовится,-2
яд,-2
отравленные,-2
ядов,-2
загрязнять,-2
загрязненная,-2
загрязнитель,-2
загрязнители,-2
загрязняет,-2
бедный,-2
бедные,-2
бедных,-2
притяжательный,-2
бессильный,-2
prblm,-2
prblms,-2
давление,-2
тюрьма,-2
заключенный,-2
заключенные,-2
проблема,-2
проблемы,-2
спекулянт,-2
пропаганда,-2
преследование,-2
протестующие,-2
протесты,-2
наказать,-2
наказание,-2
карательной,-2
озадачил,-2
дрожащий,-2
яростный,-2
сыпь,-2
восстание,-2
рецессия,-2
безрассудным,-2
отказать,-2
отказ,-2
сожаление,-2
сожаления,-2
раскаяние,-2
отбиты,-2
беспокойные,-2
ограничить,-2
ограничено,-2
ограничение,-2
ограничивает,-2
тормозят,-2
отсталый,-2
месть,-2
мстительным,-2
бунт,-2
беспорядки,-2
риск,-2
грабить,-2
разбойник,-2
одеждах,-2
гардеробной,-2
грабит,-2
разрушена,-2
губить,-2
руины,-2
саботаж,-2
печалить,-2
опечален,-2
саркастический,-2
афера,-2
напугать,-2
скептически,-2
бранить,-2
крик,-2
кричал,-2
кричать,-2
крики,-2
резьбовых,-2
крамола,-2
крамольные,-2
самообман,-2
предложение,-2
приговор,-2
приговоры,-2
тяжелый,-2
шаткая,-2
позорный,-2
шок,-2
шокирован,-2
шокирующим,-2
шоков,-2
близорукие,-2
близорукость,-2
дефицит,-2
больной,-2
вздох,-2
singleminded,-2
скептик,-2
скептицизм,-2
скептики,-2
слэм,-2
косаячерта,-2
сократили,-2
рубить,-2
бессонница,-2
мазок,-2
смог,-2
притормаживаний,-2
печаль,-2
спам,-2
спекулятивный,-2
бездуховной,-2
злобный,-2
удар,-2
зарезали,-2
удары,-2
стойло,-2
сваливание,-2
давка,-2
испуганный,-2
голодать,-2
голода,-2
голодает,-2
голодающие,-2
украсть,-2
ворует,-2
стереотип,-2
стереотипных,-2
скупой,-2
украли,-2
задушен,-2
подчеркнул,-2
стресс,-2
ошеломлены,-2
глупый,-2
тупо,-2
подрывную,-2
страдать,-2
страдает,-2
суицидального,-2
самоубийство,-2
дуться,-2
угрюмый,-2
подозрительными,-2
клянусь,-2
ругаться,-2
ругается,-2
tard,-2
слезы,-2
напряженная,-2
тоталитаризм,-2
tout,-2
рекламировали,-2
спекулянтами,-2
трагедия,-2
трагическое,-2
ловушку,-2
пародия,-2
дрожащей,-2
трепетный,-2
обманом,-2
беда,-2
проблемные,-2
неприятности,-2
опухоль,-2
неприемлемым,-2
недооцененными,-2
несанкционированный,-2
неудобно,-2
равнодушно,-2
подорвать,-2
подорвала,-2
подрывает,-2
подрыве,-2
заслуживающих,-2
нежелательным,-2
непростые,-2
неэтичной,-2
несправедливый,-2
сфокусировано,-2
невыполненные,-2
несчастный,-2
нездоровый,-2
впечатления,-2
неразумные,-2
несправедливой,-2
непривлекательным,-2
нелюбимых,-2
немотивированным,-2
непрофессионально,-2
unresearched,-2
неудовлетворенный,-2
необеспеченных,-2
простой,-2
неустойчивые,-2
неподдерживаемых,-2
нежелательный,-2
недостойный,-2
расстроен,-2
расстраивает,-2
осадки,-2
встревоженный,-2
бесполезный,-2
ненужности,-2
смутный,-2
досада,-2
порочный,-2
нарушают,-2
нарушили,-2
крушения,-2
обиженных,-2
фанатик,-2
фанатиками,-2
заочного,-1
отсутствующих,-1
признаться,-1
допускает,-1
признался,-1
пострадавших,-1
страдающий,-1
оскорбленным,-1
увы,-1
предупреждение,-1
амбивалентной,-1
анти,-1
извинения,-1
извинился,-1
извинение,-1
атака,-1
напали,-1
атакует,-1
атаки,-1
предотвращение,-1
предотвратить,-1
предотвращает,-1
избегать,-1
избегает,-1
ожидает,-1
ожидается,-1
топор,-1
топором,-1
битва,-1
бои,-1
избиение,-1
предвзятость,-1
слепой,-1
блок,-1
блокирован,-1
блокирование,-1
блоки,-1
бомба,-1
сломался,-1
сломанной,-1
отменить,-1
отменил,-1
отмена,-1
рак,-1
осторожных,-1
охлаждение,-1
дымчатый,-1
боевая,-1
заразной,-1
соперник,-1
борющихся,-1
труп,-1
судороги,-1
давит,-1
дробление,-1
вырезать,-1
сокращений,-1
резка,-1
требования,-1
демонстрация,-1
отделена,-1
трудный,-1
дилемма,-1
отключение,-1
исчезают,-1
исчезли,-1
исчезает,-1
отбросить,-1
отбрасывается,-1
отбрасывание,-1
отбрасывает,-1
скидки,-1
маскировку,-1
замаскированных,-1
маскировка,-1
головокружение,-1
сомнение,-1
сомневается,-1
сомнительно,-1
сопротивление,-1
вытащили,-1
тащит,-1
падение,-1
свалка,-1
свалки,-1
пустота,-1
пустое,-1
зависть,-1
побег,-1
падающих,-1
фарсом,-1
борьба,-1
бежит,-1
вынужден,-1
забыть,-1
забытые,-1
безумный,-1
хмурый,-1
похороны,-1
скрывается,-1
выдуманные,-1
обязательное,-1
манипуляции,-1
манипулирование,-1
манипуляция,-1
шалости,-1
оксюморон,-1
парадокс,-1
пассивных,-1
пассивно,-1
платите,-1
задумчивый,-1
скопления,-1
жалели,-1
предотвращения,-1
мешает,-1
провоцируют,-1
спровоцировали,-1
провоцирует,-1
провоцирующие,-1
настойчивый,-1
допросы,-1
дождливая,-1
отклонить,-1
отклонен,-1
отвергает,-1
неустанный,-1
отражение,-1
извините,-1
подавил,-1
сдавленный,-1
стоп,-1
остановилась,-1
остановка,-1
останавливается,-1
странными,-1
странным,-1
недооценивают,-1
недооценена,-1
недооценивает,-1
недооценки,-1
неравный,-1
нерешенные,-1
срочные,-1
шумный,-1
отходы,-1
колеблющиеся,-1
овдовевшая,-1
носить,-1
