ублюдок,-5
сволочь,-5
ублюдки,-5
сволочи,-5
сука,-5
суки,-5
член,-5
членосос,-5
членососы,-5
хуй,-5
хуесосы,-5
пизда,-5
вагина,-5
нигер,-5
шлюха,-5
проститутка,-5
пиздабол,-5
жопа,-4
ебаный,-4
мудак,-4
фигня,-4
катастрофический,-4
проклятие,-4
проклятый,-4
залупа,-4
мошенник,-4
мошенники,-4
мошенничество,-4
обман,-4
наебалово,-4
мошеннический,-4
ебать,-4
ебаный,-4
ебонат,-4
ебонаты,-4
ебаный,-4
ебаный,-4
ебанутый,-4
ад,-4
черт,-4
придурок,-4
придурки,-4
ссать,-4
ссаный,-4
изнасиловать,-4
насильник,-4
отморозок,-4
падонок,-4
дерьмо,-4
сраный,-4
мегера,-4
мучение,-4
измученный,-4
пытки,-4
пытать,-4
мучительно,-3
мучиться,-3
мучительный,-3
мучается,-3
Мучительный,-3
гнев,-3
гнев,-3
сердитый,-3
тоска,-3
мучительный,-3
апатичное,-3
апатия,-3
apeshit,-3
Арестованы,-3
убийство,-3
убийство,-3
ужасный,-3
плохо,-3
задира,-3
плохо,-3
банкрот,-3
bankster,-3
Предал,-3
предательство,-3
предали,-3
предательство,-3
предает,-3
кровавый,-3
скучно,-3
взятка,-3
Катастрофой,-3
заряженный,-3
неприглядный,-3
наказывать,-3
наказанные,-3
наказывает,-3
наказывать,-3
обманывать,-3
Обманутых,-3
мошенник,-3
мошенники,-3
читы,-3
сговор,-3
заговор,-3
сокрытие,-3
дерьмо,-3
преступление,-3
Уголовное,-3
преступники,-3
кризис,-3
жестокий,-3
жестокость,-3
ущерб,-3
ущерб,-3
мертвые,-3
обман,-3
лживой,-3
Обмануть,-3
обмануть,-3
обманывают,-3
обманывают,-3
обман,-3
дефект,-3
дефекты,-3
отчаяние,-3
отчаянный,-3
Отчаяние,-3
отчаянная,-3
отчаянно,-3
унылый,-3
разрушить,-3
уничтожить,-3
уничтожение,-3
разрушает,-3
Уничтожение,-3
разрушительных,-3
умирать,-3
умер,-3
тяжелые,-3
страшный,-3
катастрофическое,-3
отвращение,-3
Отвращение,-3
отвратительный,-3
недоверие,-3
недоверчивых,-3
безработица,-3
душа,-3
придурок,-3
ужасный,-3
Немых,-3
тупица,-3
зло,-3
пидор,-3
педик,-3
хворост,-3
поддельный,-3
подделок,-3
подделка,-3
фальсифицированные,-3
фальсифицировать,-3
Погибших,-3
несчастье,-3
fedup,-3
преступления,-3
Фиаско,-3
безумие,-3
пугающий,-3
ФУД,-3
ярость,-3
Ужасный,-3
ужасный,-3
ужас,-3
униженных,-3
унижение,-3
истерия,-3
истерический,-3
истерика,-3
Идиот,-3
идиотский,-3
незаконный,-3
слабоумный,-3
разгневанный,-3
раздражение,-3
раздраженной,-3
раздражает,-3
рывок,-3
убить,-3
Убили,-3
убийство,-3
убивает,-3
лжец,-3
лжецы,-3
ненавижу,-3
ненавидел,-3
ненавидит,-3
ненависть,-3
свободный,-3
теряет,-3
Несчастным,-3
идиот,-3
убийство,-3
убийственный,-3
противный,-3
nofun,-3
notworking,-3
орехи,-3
Неприятный,-3
возмущение,-3
возмущенные,-3
паника,-3
паника,-3
паника,-3
лжесвидетельство,-3
писает,-3
лженаука,-3
Расизм,-3
расистские,-3
расистов,-3
декламация,-3
пустослов,-3
крикунов,-3
тирады,-3
смешной,-3
Скандал,-3
скандальные,-3
Скандалы,-3
screwedup,-3
эгоистичный,-3
эгоизм,-3
дерьмовая,-3
греховный,-3
рабство,-3
спамеров,-3
спамеров,-3
Сосать,-3
отстой,-3
мошенничество,-3
мошенничество,-3
мошенничество,-3
страшный,-3
ужасно,-3
страшно,-3
террор,-3
Терроризировать,-3
терроризировали,-3
терроризирует,-3
травма,-3
травматический,-3
измена,-3
предательский,-3
уродливые,-3
жертва,-3
Ухудшить,-3
ухудшилось,-3
ухудшение,-3
ухудшается,-3
худший,-3
гневных,-3
отказались,-2
отказывается,-2
похищенных,-2
Похищение,-2
похищение,-2
Случайных,-2
случайно,-2
обвинение,-2
обвинения,-2
обвинять,-2
обвиняют,-2
обвиняет,-2
Обвиняя,-2
Боль,-2
боль,-2
наставлять,-2
увещевали,-2
боюсь,-2
усугубить,-2
усугубляется,-2
усиливает,-2
Отчуждение,-2
аллергический,-2
только,-2
враждебность,-2
раздражать,-2
раздражение,-2
раздражает,-2
раздражает,-2
раздражает,-2
Антагонистических,-2
тревога,-2
тревожный,-2
апокалиптические,-2
ужас,-2
ужасный,-2
опасаются,-2
арест,-2
Аресты,-2
высокомерный,-2
ashame,-2
стыд,-2
неловко,-2
спасение,-2
надувать,-2
Bamboozled,-2
bamboozles,-2
Унылый,-2
детские,-2
душить,-2
душили,-2
задыхается,-2
удушье,-2
Столкновение,-2
невежественный,-2
дерзкий,-2
принуждение,-2
Крах,-2
свернутый,-2
разрушается,-2
рушится,-2
столкновение,-2
столкновений,-2
самодовольным,-2
жаловаться,-2
Жаловались,-2
жалуется,-2
осудить,-2
осуждение,-2
осудил,-2
осуждает,-2
конфликт,-2
конфликт,-2
Конфликтный,-2
конфликты,-2
смешивать,-2
путать,-2
запутанной,-2
ограничена,-2
зараза,-2
Презрение,-2
презрительный,-2
презрительно,-2
спорными,-2
состязательный,-2
спорными,-2
Спорно,-2
треугольный,-2
дорогостоящий,-2
Трус,-2
трусливые,-2
крах,-2
сумасшедшим,-2
сумасшедшая,-2
сумасшедший,-2
Критиков,-2
измельченных,-2
плач,-2
Циник,-2
циничным,-2
цинизм,-2
опасность,-2
темный,-2
тупик,-2
смерть,-2
Отрицателей,-2
отрицает,-2
осудить,-2
осуждает,-2
отрицать,-2
отрицание,-2
депрессия,-2
угнетающей,-2
сорвать,-2
высмеивают,-2
высмеивают,-2
высмеивает,-2
высмеивать,-2
насмешка,-2
задерживать,-2
задержанный,-2
Задержание,-2
Сокрушение,-2
опустошил,-2
разрушительных,-2
грязные,-2
грязный,-2
грязные,-2
Недостаток,-2
обездоленных,-2
разочаровал,-2
разочарован,-2
разочарование,-2
разочарование,-2
Разочарований,-2
разочаровывает,-2
катастрофа,-2
бедствия,-2
верить,-2
безутешный,-2
disconsolation,-2
Нечестные,-2
разочарованных,-2
склонен,-2
разрозненных,-2
неприязнь,-2
мрачный,-2
ужас,-2
расстройство,-2
Дезорганизованы,-2
дезориентирован,-2
унижать,-2
пренебрежительно,-2
унижает,-2
пренебрежительное,-2
недовольных,-2
Спор,-2
спорными,-2
споры,-2
спор,-2
дисквалифицировали,-2
беспокойство,-2
учитывать,-2
Игнорируя,-2
игнорирует,-2
неуважение,-2
разрушение,-2
сбои,-2
разрушительным,-2
Недовольных,-2
искажают,-2
искаженное,-2
искажает,-2
искажает,-2
отвлечься,-2
отвлекаться,-2
отвлечение,-2
Отвлекает,-2
бедствие,-2
проблемными,-2
расстройства,-2
беспокойство,-2
беспокоить,-2
нарушенных,-2
нарушения,-2
Нарушает,-2
сглаживание,-2
уклонение,-2
изворотливым,-2
грустный,-2
dontlike,-2
гибель,-2
обречен,-2
опустив,-2
Унывать,-2
недостаток,-2
слить,-2
страх,-2
боялся,-2
бояться,-2
тоскливый,-2
висящие,-2
утопить,-2
утонул,-2
Тонет,-2
пьяный,-2
сомнительные,-2
безнадежный,-2
скучно,-2
бросила,-2
боян,-2
обманутый,-2
дисфункция,-2
жуткий,-2
жуткий,-2
Смущать,-2
смущение,-2
смущает,-2
неловко,-2
смущение,-2
озлобленного,-2
чрезвычайные,-2
Врагов,-2
враг,-2
скука,-2
Исступление,-2
ярость,-2
бесит,-2
порабощение,-2
порабощенных,-2
порабощает,-2
Завистливый,-2
ошибочное,-2
ошибка,-2
ошибки,-2
преувеличивать,-2
преувеличенные,-2
преувеличивает,-2
преувеличивают,-2
Исключены,-2
исчерпала,-2
изгнать,-2
изгнанный,-2
изгнание,-2
выгоняет,-2
эксплуатировать,-2
эксплуатируемых,-2
эксплуатации,-2
Подвигах,-2
причуда,-2
неудача,-2
провал,-2
сбой,-2
неудача,-2
неудачи,-2
малодушным,-2
упал,-2
Фашист,-2
фашисты,-2
усталость,-2
усталость,-2
усталость,-2
утомительно,-2
страх,-2
страшный,-2
боясь,-2
Страшный,-2
слабый,-2
беспокойный,-2
огонь,-2
выстрелил,-2
стрельба,-2
флоп,-2
флоп,-2
грипп,-2
взволнованный,-2
дурак,-2
Хулиганов,-2
безнадежная,-2
безнадежность,-2
враждебные,-2
барыга,-2
голод,-2
больно,-2
больно,-2
больно,-2
Несовершенным,-2
импотент,-2
тюрьму,-2
неспособность,-2
бездействие,-2
недостаточный,-2
неспособный,-2
недееспособным,-2
Ярость,-2
некомпетентность,-2
некомпетентный,-2
невнимательный,-2
неудобство,-2
неудобная,-2
нерешительные,-2
Индоктринации,-2
неэффективные,-2
неэффективно,-2
инфицированный,-2
нижний,-2
воспаление,-2
нарушение,-2
Гнев,-2
ярость,-2
бесит,-2
бешенство,-2
ранен,-2
травма,-2
несправедливость,-2
инквизиция,-2
Безумным,-2
безумие,-2
небезопасно,-2
нечувствительным,-2
нечувствительность,-2
незначительная,-2
пресным,-2
оскорбление,-2
Оскорбил,-2
оскорбительным,-2
оскорбление,-2
допрос,-2
прерывание,-2
прерванный,-2
прерывание,-2
Прерывание,-2
прерывания,-2
запугать,-2
запугать,-2
пугает,-2
запугивание,-2
запугивание,-2
Нерешительным,-2
зуд,-2
тюрьму,-2
ревнивый,-2
опасность,-2
безрадостное,-2
отсутствие,-2
вялый,-2
отстали,-2
Отстающих,-2
отстает,-2
хромой,-2
иск,-2
иски,-2
вялой,-2
вялость,-2
клеветническим,-2
солгал,-2
спорный,-2
Ярость,-2
лобби,-2
лоббирование,-2
одиноко,-2
одинокий,-2
мрачный,-2
бессмысленно,-2
тоска,-2
угроза,-2
Страдание,-2
опасение,-2
дезинформация,-2
дезинформировали,-2
неправильно,-2
недостоверной,-2
Искажение,-2
мисс,-2
пропустили,-2
ошибка,-2
ошибаться,-2
ошибки,-2
ошибиться,-2
Недоразумение,-2
недоразумением,-2
стон,-2
стонал,-2
стонать,-2
Стонет,-2
Макет,-2
издевались,-2
насмешливые,-2
издевается,-2
разжигание,-2
монополизировать,-2
монополизировал,-2
монополизирует,-2
Монополизации,-2
скорбим,-2
плакал,-2
печальный,-2
скорбь,-2
скорбит,-2
Убийство,-2
убийца,-2
Убийства,-2
n00b,-2
наивные,-2
па\xc3\xafve,-2
нуждающихся,-2
отрицательные,-2
отрицательность,-2
безнадзорность,-2
забытых,-2
Пренебрежение,-2
пренебрегает,-2
нервная,-2
нервно,-2
ерунда,-2
Новичок,-2
любопытных,-2
notgood,-2
пресловутый,-2
Уничтожить,-2
уничтожен,-2
непристойные,-2
устаревшим,-2
препятствие,-2
препятствия,-2
упрямая,-2
нечетное,-2
обидеть,-2
Обиженные,-2
преступник,-2
обидеть,-2
оскорбляет,-2
угнетенный,-2
репрессивной,-2
optionless,-2
протест,-2
Переиграть,-2
чрезмерная,-2
реагирует,-2
перепроданности,-2
перепроданности,-2
Oversells,-2
упрощение,-2
упрощенным,-2
упрощает,-2
упрощать,-2
преувеличение,-2
Преувеличения,-2
Боль,-2
боль,-2
жалкая,-2
казнь,-2
опасность,-2
преступник,-2
виновные,-2
Недоумение,-2
преследовать,-2
преследовать,-2
преследует,-2
преследовать,-2
возмущенных,-2
противные,-2
пессимизм,-2
Пессимистические,-2
окаменелое,-2
фобические,-2
пике,-2
пробудили,-2
жалкий,-2
жалость,-2
готовится,-2
яд,-2
отравленные,-2
Ядов,-2
загрязнять,-2
загрязненная,-2
загрязнитель,-2
загрязнители,-2
загрязняет,-2
бедный,-2
бедные,-2
бедных,-2
Притяжательный,-2
бессильный,-2
prblm,-2
prblms,-2
давление,-2
тюрьма,-2
Заключенный,-2
заключенные,-2
проблема,-2
Проблемы,-2
спекулянт,-2
пропаганда,-2
преследование,-2
протест,-2
протестующие,-2
протест,-2
протесты,-2
Наказать,-2
наказать,-2
наказание,-2
карательной,-2
озадачил,-2
дрожащий,-2
сомнительные,-2
ярость,-2
яростный,-2
Сыпь,-2
восстание,-2
рецессия,-2
безрассудным,-2
отказать,-2
отказались,-2
отказ,-2
сожаление,-2
сожаления,-2
Сожаление,-2
сожаление,-2
сожаление,-2
раскаяние,-2
отбиты,-2
обиженные,-2
беспокойные,-2
ограничить,-2
Ограничено,-2
ограничение,-2
ограничение,-2
ограничивает,-2
тормозят,-2
отсталый,-2
месть,-2
мстительным,-2
Бунт,-2
беспорядки,-2
Риск,-2
риск,-2
грабить,-2
разбойник,-2
одеждах,-2
гардеробной,-2
грабит,-2
разрушить,-2
разрушена,-2
губить,-2
Руины,-2
саботаж,-2
грустный,-2
печалить,-2
опечален,-2
саркастический,-2
афера,-2
мошенничество,-2
напугать,-2
боюсь,-2
страшный,-2
скептически,-2
бранить,-2
презрение,-2
презрительный,-2
Крик,-2
кричал,-2
Кричать,-2
Крики,-2
резьбовых,-2
крамола,-2
крамольные,-2
самообман,-2
предложение,-2
приговор,-2
Приговоры,-2
приговор,-2
тяжелый,-2
шаткая,-2
стыд,-2
стыд,-2
позорный,-2
разрушена,-2
шок,-2
шокирован,-2
Шокирующим,-2
шоков,-2
близорукие,-2
близорукость,-2
дефицит,-2
дефицит,-2
больной,-2
вздох,-2
Singleminded,-2
Скептик,-2
скептически,-2
скептицизм,-2
скептики,-2
слэм,-2
косаячерта,-2
сократили,-2
Рубить,-2
бессонница,-2
вялый,-2
мазок,-2
Смог,-2
оскорбление,-2
пренебрежительно,-2
притормаживаний,-2
мрачный,-2
Печаль,-2
печальный,-2
спам,-2
спам,-2
спекулятивный,-2
бездуховной,-2
злобный,-2
удар,-2
зарезали,-2
Удары,-2
стойло,-2
тупик,-2
сваливание,-2
давка,-2
испуганный,-2
голодать,-2
голода,-2
голодает,-2
голодающие,-2
Украсть,-2
ворует,-2
стереотип,-2
стереотипных,-2
скупой,-2
украли,-2
задушен,-2
подчеркнул,-2
стресс,-2
Ошеломлены,-2
глупый,-2
тупо,-2
подрывную,-2
страдать,-2
страдание,-2
страдает,-2
суицидального,-2
самоубийство,-2
дуться,-2
мрачный,-2
угрюмый,-2
подозрительными,-2
клянусь,-2
ругаться,-2
ругается,-2
Tard,-2
Слезы,-2
напряженная,-2
Тоталитаризм,-2
Tout,-2
рекламировали,-2
рекламировали,-2
спекулянтами,-2
трагедия,-2
трагическое,-2
ловушку,-2
пародия,-2
Дрожащей,-2
трепетный,-2
обманом,-2
обман,-2
беда,-2
проблемные,-2
неприятности,-2
опухоль,-2
неприемлемым,-2
Недооцененными,-2
несанкционированный,-2
неудобно,-2
равнодушно,-2
подорвать,-2
подорвала,-2
Подрывает,-2
подрыве,-2
заслуживающих,-2
нежелательным,-2
непростые,-2
безработица,-2
неэтичной,-2
несправедливый,-2
Сфокусировано,-2
невыполненные,-2
несчастный,-2
нездоровый,-2
впечатления,-2
неразумные,-2
несправедливой,-2
непривлекательным,-2
Нелюбимых,-2
немотивированным,-2
непрофессионально,-2
unresearched,-2
неудовлетворенный,-2
необеспеченных,-2
простой,-2
Неустойчивые,-2
неподдерживаемых,-2
нежелательный,-2
недостойный,-2
расстроен,-2
расстраивает,-2
осадки,-2
встревоженный,-2
бесполезный,-2
Ненужности,-2
смутный,-2
досада,-2
неприятный,-2
порочный,-2
нарушают,-2
нарушили,-2
нарушает,-2
нарушение,-2
Крушения,-2
неправильно,-2
обиженных,-2
противный,-2
фанатик,-2
фанатиками,-2
Заочного,-1
отсутствующих,-1
признаться,-1
допускает,-1
признался,-1
пострадавших,-1
страдающий,-1
оскорбленным,-1
Увы,-1
предупреждение,-1
амбивалентной,-1
анти,-1
извинения,-1
извинился,-1
извинение,-1
извинения,-1
Извинился,-1
извинение,-1
извинение,-1
атака,-1
напали,-1
атакует,-1
атаки,-1
предотвращение,-1
Предотвратить,-1
предотвращает,-1
избегать,-1
избегать,-1
избегает,-1
ожидает,-1
ожидается,-1
ожидает,-1
топор,-1
топором,-1
изгнать,-1
Битва,-1
бои,-1
избиение,-1
предвзятость,-1
слепой,-1
Блок,-1
блокирован,-1
блокирование,-1
блоки,-1
Бомба,-1
сломался,-1
Сломанной,-1
отменить,-1
отменил,-1
отменить,-1
Отмена,-1
рак,-1
осторожных,-1
проблема,-1
охлаждение,-1
Дымчатый,-1
столкновение,-1
столкновение,-1
столкновение,-1
боевая,-1
бои,-1
заразной,-1
утверждаю,-1
соперник,-1
Борющихся,-1
труп,-1
судороги,-1
давка,-1
давит,-1
дробление,-1
Крик,-1
Проклятие,-1
Вырезать,-1
сокращений,-1
резка,-1
Требования,-1
демонстрация,-1
отделена,-1
трудный,-1
Дилемма,-1
отключение,-1
исчезают,-1
исчезли,-1
Исчезает,-1
отбросить,-1
отбрасывается,-1
отбрасывание,-1
отбрасывает,-1
скидки,-1
маскировку,-1
замаскированных,-1
Маскировка,-1
маскировка,-1
головокружение,-1
сомнение,-1
сомневается,-1
сомнительно,-1
сомневается,-1
сомнение,-1
сопротивление,-1
вытащили,-1
Тащит,-1
Падение,-1
свалка,-1
свалки,-1
пустота,-1
пустое,-1
зависть,-1
зависть,-1
зависть,-1
побег,-1
побег,-1
Падающих,-1
фарсом,-1
Борьба,-1
бежит,-1
вынужден,-1
забыть,-1
забытые,-1
безумный,-1
хмурый,-1
Похороны,-1
Скрывается,-1
выдуманные,-1
обязательное,-1
манипуляции,-1
манипулирование,-1
манипуляция,-1
зло,-1
шалости,-1
оксюморон,-1
Парадокс,-1
пассивных,-1
пассивно,-1
платите,-1
задумчивый,-1
скопления,-1
жалели,-1
Предотвращения,-1
предотвратить,-1
предотвращение,-1
мешает,-1
преследование,-1
преследование,-1
провоцируют,-1
Спровоцировали,-1
провоцирует,-1
провоцирующие,-1
настойчивый,-1
сомнение,-1
допросы,-1
дождливая,-1
отклонить,-1
отклонен,-1
Отказ,-1
отвергает,-1
неустанный,-1
отражение,-1
сохранить,-1
Извините,-1
подавил,-1
сдавленный,-1
Стоп,-1
остановилась,-1
остановка,-1
останавливается,-1
странными,-1
странным,-1
удар,-1
Недооценивают,-1
недооценена,-1
недооценивает,-1
недооценки,-1
неравный,-1
нерешенные,-1
Срочные,-1
Приговор,-1
приговоры,-1
шумный,-1
отходы,-1
колеблющиеся,-1
овдовевшая,-1
носить,-1